"","C14ID","C14Age","C14SD","LabCode","Material","SiteID","Latitude","Longitude","Country"
"2179",3132,6030,105,"St-7112","charcoal","S1974",57.28,18.62,"TDenmark"
"2180",3133,5915,145,"St-7110","charcoal","S1974",57.28,18.62,"Denmark"
"6574",3235,4500,55,"Lu-1952","bone","S4026",55.76,12.41,"Denmark"
"6764",3252,4420,70,"OxA-2887","charcoal","S4118",55.05,14.88,"Denmark"
"4760",3280,4190,70,"OxA-2888","charcoal","S3136",55.04,14.92,"Denmark"
"2037",3316,3650,70,"OxA-2892","charcoal","S1928",55.05,14.91,"Denmark"
"415",3369,640,80,"T-3817","charcoal","S1163",55.6555,9.63115,"Denmark"
"3098",10831,4775,95,"Ua-1367","animal bone","S2359",58.1497,13.6386,"Denmark"
"3092",10832,4710,100,"Ua-1364","animal bone","S2358",54.783,12.033,"Denmark"
"3093",10833,4690,100,"Ua-1365","animal bone","S2358",54.783,12.033,"Denmark"
"3097",10834,4490,120,"Ua-1814","NULL","S2359",58.1497,13.6386,"Denmark"
"3091",10835,4225,95,"Ua-1366","animal bone","S2358",54.783,12.033,"Denmark"
"3095",10836,4170,120,"Ua-1815","NULL","S2359",58.1497,13.6386,"Denmark"
"3094",10837,3565,85,"Ua-1368","animal bone","S2359",58.1497,13.6386,"Denmark"
"4045",10903,5000,70,"OxA-2895","charcoal","S2809",55.0453,14.8937,"Denmark"
"4039",10904,3710,70,"OxA-2893","charcoal","S2809",55.0453,14.8937,"Denmark"
"6741",11175,5475,130,"OxA-117","human bone","S4099",56.0358,9.65489,"Denmark"
"6742",11176,5420,80,"OxA-532","human bone","S4099",56.0358,9.65489,"Denmark"
"6611",11295,4790,70,"OxA-1326","wood","S4056",56.483,10.55,"Denmark"
"4059",11398,5745,145,"Ua-1500","wood","S2813",57.067,9.917,"Denmark"
"423",11574,4980,120,"TUa-137B","NULL","S1163",55.6555,9.63115,"Denmark"
"417",11575,4975,245,"TUa-153","NULL","S1163",55.6555,9.63115,"Denmark"
"429",11576,4510,85,"TUa-290","NULL","S1163",55.6555,9.63115,"Denmark"
"414",11577,4505,100,"TUa-136B","NULL","S1163",55.6555,9.63115,"Denmark"
"425",11578,4505,85,"TUa-288","NULL","S1163",55.6555,9.63115,"Denmark"
"424",11579,4460,155,"TUa-151","NULL","S1163",55.6555,9.63115,"Denmark"
"428",11580,4430,105,"TUa-157","NULL","S1163",55.6555,9.63115,"Denmark"
"427",11581,4430,95,"TUa-289","NULL","S1163",55.6555,9.63115,"Denmark"
"419",11582,4415,135,"TUa-158","NULL","S1163",55.6555,9.63115,"Denmark"
"420",11583,4375,95,"TUa-287","NULL","S1163",55.6555,9.63115,"Denmark"
"413",11584,4360,85,"TUa-286","NULL","S1163",55.6555,9.63115,"Denmark"
"421",11585,4355,85,"TUa-291","NULL","S1163",55.6555,9.63115,"Denmark"
"418",11586,4295,130,"TUa-154","NULL","S1163",55.6555,9.63115,"Denmark"
"416",11587,4285,110,"TUa-152","NULL","S1163",55.6555,9.63115,"Denmark"
"422",11588,4140,105,"TUa-156","NULL","S1163",55.6555,9.63115,"Denmark"
"426",11589,3570,160,"T-3436","charcoal","S1163",55.6555,9.63115,"Denmark"
"6314",11619,4825,140,"Ua-441","charcoal","S3881",56.6726,9.45114,"Denmark"
"6316",11620,4790,115,"Ua-443","charcoal","S3881",56.6726,9.45114,"Denmark"
"6315",11621,4710,115,"Ua-442","charcoal","S3881",56.6726,9.45114,"Denmark"
"12034",19975,3855,35,"Poz-17033","bone","S7855",55.6591,11.2125,"Denmark"
"12038",19976,3950,35,"Poz-17023","bone","S7855",55.6591,11.2125,"Denmark"
"12043",19977,4010,50,"AAR-6544","bone","S7855",55.6591,11.2125,"Denmark"
"12041",19978,4060,45,"AAR-6547","bone","S7855",55.6591,11.2125,"Denmark"
"12039",19979,4100,50,"AAR-6551","bone","S7855",55.6591,11.2125,"Denmark"
"12037",19980,4190,60,"AAR-6546","bone","S7855",55.6591,11.2125,"Denmark"
"12036",19981,4350,50,"AAR-6550","bone","S7855",55.6591,11.2125,"Denmark"
"12035",19982,4410,55,"AAR-6545","bone","S7855",55.6591,11.2125,"Denmark"
"12042",19983,4410,55,"AAR-6548","bone","S7855",55.6591,11.2125,"Denmark"
"12040",19984,4420,60,"AAR-6549","bone","S7855",55.6591,11.2125,"Denmark"
"12061",19988,4800,90,"K-3579","bone","S7858",55.108,10.938,"Denmark"
"12064",19991,4690,100,"K-955","charcoal","S7861",56.2787,9.80398,"Denmark"
"12067",19992,2190,170,"K-1007","charcoal","S7862",56.3011,10.5697,"Denmark"
"12068",19993,2560,130,"K-1008","charcoal","S7862",56.3011,10.5697,"Denmark"
"12065",19998,5850,95,"K-3054","charcoal","S7862",56.3011,10.5697,"Denmark"
"12066",19999,7580,130,"K-3053","charcoal","S7862",56.3011,10.5697,"Denmark"
"12072",20002,5810,105,"K-2784","bone","S7864",56.4372,9.95077,"Denmark"
"12070",20003,6050,75,"K-2781","bone","S7864",56.4372,9.95077,"Denmark"
"12071",20004,6290,75,"K-2782","bone","S7864",56.4372,9.95077,"Denmark"
"12077",20005,3520,85,"K-2927","plant macrofossils","S7865",55.9868,9.70101,"Denmark"
"12078",20006,3530,85,"K-2925","plant macrofossils","S7865",55.9868,9.70101,"Denmark"
"12076",20007,3540,85,"K-2928","plant macrofossils","S7865",55.9868,9.70101,"Denmark"
"12074",20008,3570,85,"K-2924","plant macrofossils","S7865",55.9868,9.70101,"Denmark"
"12073",20009,3590,85,"K-2926","plant macrofossils","S7865",55.9868,9.70101,"Denmark"
"12075",20010,3630,85,"K-2929","plant macrofossils","S7865",55.9868,9.70101,"Denmark"
"12079",20011,3655,45,"AAR-6273","bone","S7866",56.8679,8.73446,"Denmark"
"12084",20017,3050,100,"AAR-803","charcoal","S7868",56.8715,9.21314,"Denmark"
"12081",20018,4130,65,"K-5820","bone","S7868",56.8715,9.21314,"Denmark"
"12083",20019,4490,55,"AAR-4028","bone","S7868",56.8715,9.21314,"Denmark"
"12082",20020,4600,75,"K-5819","bone","S7868",56.8715,9.21314,"Denmark"
"12085",20021,5050,160,"AAR-802","charcoal","S7868",56.8715,9.21314,"Denmark"
"12086",20031,4510,120,"K-1214","wood","S7870",56.1833,9.36667,"Denmark"
"12100",20032,4190,90,"K-3723","bone","S7871",55.5699,11.5317,"Denmark"
"12101",20033,4920,40,"AAR-7054","bone","S7871",55.5699,11.5317,"Denmark"
"12092",20034,4970,60,"AAR-6826","bone","S7871",55.5699,11.5317,"Denmark"
"12096",20035,5110,40,"AAR-6945","bone","S7871",55.5699,11.5317,"Denmark"
"12087",20036,5115,50,"AAR-6943","bone","S7871",55.5699,11.5317,"Denmark"
"12099",20037,5135,45,"AAR-6944","bone","S7871",55.5699,11.5317,"Denmark"
"12091",20038,5145,45,"AAR-6704","bone","S7871",55.5699,11.5317,"Denmark"
"12095",20039,5209,41,"AAR-7194","bone","S7871",55.5699,11.5317,"Denmark"
"12093",20040,5240,45,"AAR-4772","bone","S7871",55.5699,11.5317,"Denmark"
"12088",20041,5250,50,"AAR-4771","bone","S7871",55.5699,11.5317,"Denmark"
"12097",20042,5250,50,"AAR-6703","plant macrofossils","S7871",55.5699,11.5317,"Denmark"
"12089",20043,5340,80,"AAR-4770","bone","S7871",55.5699,11.5317,"Denmark"
"12098",20044,5380,50,"AAR-4769","bone","S7871",55.5699,11.5317,"Denmark"
"12094",20045,5765,45,"AAR-4767","bone","S7871",55.5699,11.5317,"Denmark"
"12090",20046,6275,50,"AAR-4765","bone","S7871",55.5699,11.5317,"Denmark"
"12103",20047,5025,40,"AAR-5360","bone","S7872",55.5867,11.5332,"Denmark"
"12102",20048,5110,75,"K-6444","food residue","S7872",55.5867,11.5332,"Denmark"
"12104",20049,4670,65,"K-4593","bone","S7873",55.015,9.83793,"Denmark"
"12105",20051,4525,90,"K-5537","bone","S7875",56.7917,9.57732,"Denmark"
"12106",20052,3700,50,"AAR-7022","charcoal","S7876",56.2167,9.98333,"Denmark"
"12108",20053,3715,45,"AAR-7023","charcoal","S7876",56.2167,9.98333,"Denmark"
"12107",20054,4815,40,"AAR-4106","charcoal","S7876",56.2167,9.98333,"Denmark"
"12111",20056,4130,50,"AAR-6624","charcoal","S7878",55.0375,14.9143,"Denmark"
"12113",20057,4230,50,"AAR-6626","charcoal","S7878",55.0375,14.9143,"Denmark"
"12112",20058,4240,50,"AAR-6627","charcoal","S7878",55.0375,14.9143,"Denmark"
"12110",20059,4295,50,"AAR-6625","charcoal","S7878",55.0375,14.9143,"Denmark"
"12114",20060,7890,65,"AAR-6867.1","bone","S7879",55.6001,11.4323,"Denmark"
"12115",20062,4560,85,"K-6273","charcoal","S7880",55.116,10.675,"Denmark"
"12117",20065,3705,45,"AAR-7201","bone","S7882",55.5848,11.2616,"Denmark"
"12118",20066,4400,65,"K-3278","NULL","S7883",55.0228,9.76485,"Denmark"
"12119",20067,4450,60,"K-3279","NULL","S7883",55.0228,9.76485,"Denmark"
"12126",20069,4740,90,"K-3473","NULL","S7885",55.8763,9.80474,"Denmark"
"12128",20071,5310,100,"K-729","charcoal","S7886",55.7625,12.5928,"Denmark"
"12127",20072,5370,100,"K-750","charcoal","S7886",55.7625,12.5928,"Denmark"
"12130",20074,3970,95,"K-5585","charcoal","S7888",55.6711,12.3518,"Denmark"
"12131",20075,4470,90,"K-5586","charcoal","S7888",55.6711,12.3518,"Denmark"
"12137",20079,3560,80,"K-4719","charcoal","S7891",56.3512,10.7973,"Denmark"
"12135",20080,3630,80,"K-4717","charcoal","S7891",56.3512,10.7973,"Denmark"
"12134",20081,3690,75,"K-4720","charcoal","S7891",56.3512,10.7973,"Denmark"
"12136",20082,3870,80,"K-4718","charcoal","S7891",56.3512,10.7973,"Denmark"
"12140",20084,4110,100,"K-2273","charcoal","S7893",55.2175,10.2135,"Denmark"
"12139",20085,4200,100,"K-2275","charcoal","S7893",55.2175,10.2135,"Denmark"
"12141",20086,4220,100,"K-2429","charcoal","S7893",55.2175,10.2135,"Denmark"
"12142",20087,4540,100,"K-2430","charcoal","S7893",55.2175,10.2135,"Denmark"
"12138",20088,4550,100,"K-2432","charcoal","S7893",55.2175,10.2135,"Denmark"
"12143",20090,4840,100,"K-2291","bone","S7894",55.7719,11.3902,"Denmark"
"12144",20091,5160,100,"K-2224","bone","S7894",55.7719,11.3902,"Denmark"
"12147",20092,3990,60,"K-4270","charcoal","S7895",56.9221,8.86751,"Denmark"
"12148",20093,4100,85,"K-4269","charcoal","S7895",56.9221,8.86751,"Denmark"
"12151",20096,3990,85,"K-3232","charcoal","S7898",56.417,9.017,"Denmark"
"12153",20097,3160,100,"K-2238","charcoal","S7899",56.4993,10.7358,"Denmark"
"12152",20098,3240,100,"K-2240","charcoal","S7899",56.4993,10.7358,"Denmark"
"12154",20099,3340,100,"K-2239","charcoal","S7899",56.4993,10.7358,"Denmark"
"12156",20100,4960,70,"K-6540","plant macrofossils","S7900",56.8975,9.26362,"Denmark"
"12155",20101,5230,70,"K-6539","plant macrofossils","S7900",56.8975,9.26362,"Denmark"
"12158",20104,4010,60,"K-4533","charcoal","S7902",55.5327,10.3834,"Denmark"
"12160",20105,4140,70,"K-2499","charcoal","S7903",56.4237,9.10582,"Denmark"
"12161",20106,4160,85,"K-2500","charcoal","S7903",56.4237,9.10582,"Denmark"
"12159",20107,4240,90,"K-2501","charcoal","S7903",56.4237,9.10582,"Denmark"
"12162",20108,5340,70,"K-4933","bone","S7904",56.81,9.17694,"Denmark"
"12166",20117,4350,65,"K-4051","bone","S7908",56.3998,10.7134,"Denmark"
"12167",20118,4390,70,"K-4049","bone","S7908",56.3998,10.7134,"Denmark"
"12165",20119,4420,95,"K-4050","bone","S7908",56.3998,10.7134,"Denmark"
"12168",20120,4940,95,"K-6299","bone","S7909",56.0882,12.3755,"Denmark"
"12169",20121,4430,120,"K-717","charcoal","S7910",56.9524,9.89705,"Denmark"
"12173",20124,3840,85,"K-3015","charcoal","S7912",56.7919,8.6791,"Denmark"
"12171",20125,3890,90,"K-3016","charcoal","S7912",56.7919,8.6791,"Denmark"
"12172",20126,3920,85,"K-3017","charcoal","S7912",56.7919,8.6791,"Denmark"
"12176",20129,3530,120,"K-3747","bone","S7915",55.7255,11.3508,"Denmark"
"12180",20132,4530,100,"K-1602","charcoal","S7918",56.4969,9.58358,"Denmark"
"12179",20133,4540,110,"K-1601","charcoal","S7918",56.4969,9.58358,"Denmark"
"12182",20137,3740,85,"K-2963","charcoal","S7920",56.2361,9.93203,"Denmark"
"12184",20138,3750,85,"K-2962","charcoal","S7920",56.2361,9.93203,"Denmark"
"12183",20139,3880,85,"K-2964","charcoal","S7920",56.2361,9.93203,"Denmark"
"12185",20140,3940,80,"K-2712","charcoal","S7921",55.2538,9.15453,"Denmark"
"12186",20141,4080,100,"K-1843","charcoal","S7921",55.2538,9.15453,"Denmark"
"12187",20143,3890,100,"K-1138","charcoal","S7923",55.1609,8.80156,"Denmark"
"12189",20144,3440,120,"K-1203","charcoal","S7924",56.8263,8.25175,"Denmark"
"12188",20145,3560,120,"K-1204","charcoal","S7924",56.8263,8.25175,"Denmark"
"12192",20150,5030,95,"K-5547","wood","S7927",57.2647,9.42379,"Denmark"
"12193",20151,3960,65,"K-5375","plant macrofossils","S7928",55.0387,14.9427,"Denmark"
"12194",20152,4000,80,"K-5388","plant macrofossils","S7928",55.0387,14.9427,"Denmark"
"12195",20153,4030,85,"K-5389","plant macrofossils","S7928",55.0387,14.9427,"Denmark"
"12199",20154,5030,90,"K-5057","bone","S7929",55.5937,11.543,"Denmark"
"12196",20155,5060,65,"K-4333","food residue","S7929",55.5937,11.543,"Denmark"
"12203",20156,4560,65,"K-3677","charcoal","S7930",55.5937,11.543,"Denmark"
"12204",20157,4590,85,"K-3678","charcoal","S7930",55.5937,11.543,"Denmark"
"12205",20158,4780,100,"AAR-1847","food residue","S7931",55.5937,11.543,"Denmark"
"12206",20159,4860,75,"Ka-6443","food residue","S7932",55.5937,11.543,"Denmark"
"12207",20160,4900,50,"AAR-4320","bone","S7933",55.5937,11.543,"Denmark"
"12209",20162,4820,80,"K-5382","charcoal","S7935",55.1174,15.1435,"Denmark"
"12214",20174,3910,100,"K-1831","charcoal","S7940",56.5847,9.21242,"Denmark"
"12215",20175,4800,40,"Poz-17025","bone","S7941",55.5961,11.3163,"Denmark"
"12217",20178,8875,65,"AAR-8200","charcoal","S7942",55.2454,9.38321,"Denmark"
"12216",20179,9015,60,"AAR-8198","charcoal","S7942",55.2454,9.38321,"Denmark"
"12218",20180,9030,55,"AAR-8199","charcoal","S7942",55.2454,9.38321,"Denmark"
"12222",20182,4560,80,"K-4214","charcoal","S7944",55.8946,9.84701,"Denmark"
"12220",20183,4580,80,"K-4216","charcoal","S7944",55.8946,9.84701,"Denmark"
"12221",20184,4670,80,"K-4215","charcoal","S7944",55.8946,9.84701,"Denmark"
"7866",20186,4580,140,"K-3629","charcoal","S4557",55.26,12.33,"Denmark"
"12224",20187,8680,40,"AAR-4554","bone","S7946",56.8909,9.57666,"Denmark"
"12225",20189,4605,100,"K-239497","NULL","S7948",56.6143,9.64505,"Denmark"
"12236",20190,4045,55,"AAR-6582","charcoal","S7949",55.6614,12.2751,"Denmark"
"12234",20191,4085,50,"AAR-6584","charcoal","S7949",55.6614,12.2751,"Denmark"
"12232",20192,4095,45,"AAR-6581","charcoal","S7949",55.6614,12.2751,"Denmark"
"12227",20193,4100,40,"AAR-6949","charcoal","S7949",55.6614,12.2751,"Denmark"
"12233",20194,4105,40,"AAR-6951","bone","S7949",55.6614,12.2751,"Denmark"
"12235",20195,4135,50,"AAR-6580","charcoal","S7949",55.6614,12.2751,"Denmark"
"12226",20196,4160,40,"AAR-6948","charcoal","S7949",55.6614,12.2751,"Denmark"
"12229",20197,4165,35,"AAR-6950","charcoal","S7949",55.6614,12.2751,"Denmark"
"12230",20198,4165,50,"AAR-6583","charcoal","S7949",55.6614,12.2751,"Denmark"
"12231",20199,4260,75,"AAR-6947","charcoal","S7949",55.6614,12.2751,"Denmark"
"12228",20200,4315,55,"AAR-6946","charcoal","S7949",55.6614,12.2751,"Denmark"
"12241",20201,3360,80,"K-5799","charcoal","S7950",56.4938,10.75,"Denmark"
"12237",20202,3390,85,"K-5798","charcoal","S7950",56.4938,10.75,"Denmark"
"12238",20203,3470,70,"K-5800","charcoal","S7950",56.4938,10.75,"Denmark"
"12239",20204,3480,80,"K-5797","charcoal","S7950",56.4938,10.75,"Denmark"
"12240",20205,3680,85,"K-5801","charcoal","S7950",56.4938,10.75,"Denmark"
"12245",20209,780,100,"K-1770","charcoal","S7953",56.4083,8.91936,"Denmark"
"12247",20210,4510,100,"K-1767","charcoal","S7953",56.4083,8.91936,"Denmark"
"12246",20211,4530,100,"K-1768","charcoal","S7953",56.4083,8.91936,"Denmark"
"12244",20212,4610,100,"K-1769","NULL","S7953",56.4083,8.91936,"Denmark"
"12248",20213,4650,100,"K-1766","charcoal","S7953",56.4083,8.91936,"Denmark"
"12249",20214,4590,95,"K-6298","bone","S7954",56.0947,12.1664,"Denmark"
"12250",20215,4867,32,"AAR-7310","bone","S7955",55.5671,11.4198,"Denmark"
"12259",20225,4060,65,"K-3229","charcoal","S7960",55.5424,8.71842,"Denmark"
"12260",20226,3550,80,"K-5491","charcoal","S7961",56.1394,9.17929,"Denmark"
"12261",20227,3640,75,"K-5492","charcoal","S7961",56.1394,9.17929,"Denmark"
"12265",20231,4210,105,"K-6132","plant macrofossils","S7964",55.6423,12.25,"Denmark"
"12264",20232,4640,85,"K-6133","charcoal","S7964",55.6423,12.25,"Denmark"
"12266",20233,3890,70,"K-6134","charcoal","S7965",55.6397,12.2491,"Denmark"
"12267",20234,4220,100,"K-6135","charcoal","S7966",55.6372,12.2505,"Denmark"
"12268",20235,7980,70,"AAR-4381","bone","S7967",55.2752,11.8358,"Denmark"
"12269",20236,6200,130,"OxA-118","bone","S7968",55.2752,11.8358,"Denmark"
"12270",20237,6220,100,"K-3559","bone","S7968",55.2752,11.8358,"Denmark"
"12276",20238,8220,190,"K-4152","bone","S7969",55.2749,11.8362,"Denmark"
"12271",20239,8315,45,"AAR-8560","bone","S7969",55.2749,11.8362,"Denmark"
"12275",20240,8340,90,"K-4153","bone","S7969",55.2749,11.8362,"Denmark"
"12274",20241,8465,60,"AAR-8558","bone","S7969",55.2749,11.8362,"Denmark"
"12273",20242,8500,60,"AAR-8561","bone","S7969",55.2749,11.8362,"Denmark"
"12272",20243,8580,60,"AAR-4382","bone","S7969",55.2749,11.8362,"Denmark"
"12279",20246,4200,115,"K-4542","bone","S7972",55.8607,9.85034,"Denmark"
"2897",20247,4085,45,"AAR-5735","wood","S2267",55.91,10.25,"Denmark"
"12281",20249,2270,40,"AAR-7026","charcoal","S7973",56.2381,10.0854,"Denmark"
"12280",20250,5095,45,"AAR-7027","charcoal","S7973",56.2381,10.0854,"Denmark"
"12285",20251,3400,65,"K-6045","bone","S7974",55.9695,11.3526,"Denmark"
"12288",20252,3540,70,"K-6046","bone","S7974",55.9695,11.3526,"Denmark"
"12286",20253,3590,65,"K-6044","bone","S7974",55.9695,11.3526,"Denmark"
"12287",20254,3610,65,"K-6043","bone","S7974",55.9695,11.3526,"Denmark"
"12289",20255,3670,60,"K-6047","bone","S7974",55.9695,11.3526,"Denmark"
"12282",20256,3680,65,"K-6042","bone","S7974",55.9695,11.3526,"Denmark"
"12284",20257,3770,60,"K-6041","bone","S7974",55.9695,11.3526,"Denmark"
"12283",20258,3900,55,"K-6522","bone","S7974",55.9695,11.3526,"Denmark"
"12295",20262,4500,110,"K-986","wood","S7978",55.572,11.5799,"Denmark"
"12294",20263,4510,90,"K-2779","bone","S7978",55.572,11.5799,"Denmark"
"12293",20264,4560,110,"K-985","wood","S7978",55.572,11.5799,"Denmark"
"12296",20265,4620,55,"Ka-6976","wood","S7979",56.4938,9.07937,"Denmark"
"12302",20275,3690,85,"K-5501","charcoal","S7985",54.9665,12.2489,"Denmark"
"12301",20276,4050,100,"Ua-1908","bone","S7985",54.9665,12.2489,"Denmark"
"12303",20277,4485,50,"Ka-7001","wood","S7986",56.6352,9.91047,"Denmark"
"12304",20278,4490,120,"K-978","NULL","S7986",56.6352,9.91047,"Denmark"
"12306",20279,4260,60,"K-6305","bone","S7987",55.1989,10.1556,"Denmark"
"12305",20280,5020,60,"AAR-3104.2","bone","S7987",55.1989,10.1556,"Denmark"
"12310",20292,4070,85,"K-4462","bone","S7990",56.4332,10.7886,"Denmark"
"12313",20294,4150,70,"K-4463","bone","S7990",56.4332,10.7886,"Denmark"
"12311",20297,4180,85,"K-4467","bone","S7990",56.4332,10.7886,"Denmark"
"12309",20298,4190,80,"K-4465","bone","S7990",56.4332,10.7886,"Denmark"
"12312",20300,4310,80,"K-4464","bone","S7990",56.4332,10.7886,"Denmark"
"8185",20304,3510,65,"K-2507","plant macrofossils","S4812",56.0181,10.2491,"Denmark"
"3096",20307,3845,65,"Ua 7248","charcoal","S2359",58.1497,13.6386,"Denmark"
"12322",20315,3980,60,"K-4592","bone","S8000",55.5333,10.0833,"Denmark"
"12323",20316,4490,65,"K-3515","bone","S8001",55.372,11.5438,"Denmark"
"12324",20317,4030,100,"K-2178","charcoal","S8002",56.0752,8.96871,"Denmark"
"12325",20318,4180,100,"K-1188","wood","S8003",56.0743,8.98249,"Denmark"
"12326",20319,4350,85,"K-4631","bone","S8004",55.8342,12.3376,"Denmark"
"12327",20320,4860,110,"AAR-1849","food residue","S8004",55.8342,12.3376,"Denmark"
"12328",20323,4100,55,"K-3720","bone","S8005",56.4304,10.7962,"Denmark"
"12330",20325,4610,140,"AAR-673","charcoal","S8006",55.9341,10.1714,"Denmark"
"12329",20326,4730,120,"AAR-168","charcoal","S8006",55.9341,10.1714,"Denmark"
"12332",20327,4000,85,"K-3625","charcoal","S8007",56.7947,9.05938,"Denmark"
"12331",20328,4100,85,"K-3626","charcoal","S8007",56.7947,9.05938,"Denmark"
"12333",20329,4500,35,"AAR-5361","NULL","S8008",55.8049,12.0598,"Denmark"
"12340",20331,4140,90,"K-3013","bone","S8010",55.1085,10.1095,"Denmark"
"12339",20332,4200,90,"K-3014","bone","S8010",55.1085,10.1095,"Denmark"
"12337",20333,4250,90,"K-3012","charcoal","S8010",55.1085,10.1095,"Denmark"
"12338",20334,4550,65,"K-2954","bone","S8010",55.1085,10.1095,"Denmark"
"12342",20337,3900,120,"K-1284","charcoal","S8013",56.5155,9.11265,"Denmark"
"12343",20338,4110,100,"K-1367","charcoal","S8013",56.5155,9.11265,"Denmark"
"12344",20339,6200,75,"K-3750","bone","S8014",56.3747,10.5687,"Denmark"
"12346",20340,9250,85,"K-4063","bone","S8015",55.3996,10.1377,"Denmark"
"12345",20341,9285,50,"AAR-8613","bone","S8015",55.3996,10.1377,"Denmark"
"12347",20343,3390,80,"K-5755","charcoal","S8016",57.0604,9.45914,"Denmark"
"12348",20344,3420,70,"K-5754","charcoal","S8016",57.0604,9.45914,"Denmark"
"12349",20345,4850,100,"K-919","charcoal","S8017",56.2611,10.6691,"Denmark"
"12350",20346,5260,100,"K-923","charcoal","S8017",56.2611,10.6691,"Denmark"
"12366",20347,4965,45,"AAR-4451","bone","S8018",55.5824,11.5477,"Denmark"
"12364",20348,5070,45,"AAR-5113","food residue","S8018",55.5824,11.5477,"Denmark"
"12362",20349,5095,45,"AAR-5363","charcoal","S8018",55.5824,11.5477,"Denmark"
"12368",20350,5115,40,"AAR-5107","food residue","S8018",55.5824,11.5477,"Denmark"
"12360",20351,5120,40,"AAR-4452","bone","S8018",55.5824,11.5477,"Denmark"
"12353",20352,5135,50,"AAR-4453","bone","S8018",55.5824,11.5477,"Denmark"
"12365",20353,5140,70,"AAR-4395","charcoal","S8018",55.5824,11.5477,"Denmark"
"12359",20354,5140,40,"AAR-5111","food residue","S8018",55.5824,11.5477,"Denmark"
"12355",20355,5150,100,"AAR-5110","food residue","S8018",55.5824,11.5477,"Denmark"
"12361",20356,5155,40,"AAR-4817","organic temper","S8018",55.5824,11.5477,"Denmark"
"12367",20357,5185,40,"AAR-5112","food residue","S8018",55.5824,11.5477,"Denmark"
"12354",20358,5195,40,"AAR-4816","food residue","S8018",55.5824,11.5477,"Denmark"
"12351",20359,5195,45,"AAR-5109","food residue","S8018",55.5824,11.5477,"Denmark"
"12358",20360,5250,70,"K-4887","wood","S8018",55.5824,11.5477,"Denmark"
"12356",20361,5315,55,"AAR-4580","bone","S8018",55.5824,11.5477,"Denmark"
"12363",20362,5385,40,"AAR-5108","food residue","S8018",55.5824,11.5477,"Denmark"
"12357",20363,5395,40,"AAR-4574","bone","S8018",55.5824,11.5477,"Denmark"
"12352",20364,5565,40,"AAR-4576","bone","S8018",55.5824,11.5477,"Denmark"
"12377",20365,4950,60,"K-4885","bone","S8019",55.5824,11.5477,"Denmark"
"12375",20366,4990,65,"K-4884","bone","S8019",55.5824,11.5477,"Denmark"
"12370",20367,4990,65,"K-4886","bone","S8019",55.5824,11.5477,"Denmark"
"12369",20368,5010,65,"K-4883","bone","S8019",55.5824,11.5477,"Denmark"
"12373",20369,5020,55,"K-4889","wood","S8019",55.5824,11.5477,"Denmark"
"12371",20370,5060,65,"K-4881","bone","S8019",55.5824,11.5477,"Denmark"
"12376",20371,5070,65,"K-4882","bone","S8019",55.5824,11.5477,"Denmark"
"12378",20372,5110,65,"K-4888","wood","S8019",55.5824,11.5477,"Denmark"
"12372",20373,5240,65,"K-4891","wood","S8019",55.5824,11.5477,"Denmark"
"12374",20374,6310,75,"K-4890","wood","S8019",55.5824,11.5477,"Denmark"
"12379",20375,4690,41,"AAR-7195","bone","S8020",55.5824,11.5477,"Denmark"
"12382",20376,4985,50,"AAR-6787","plant macrofossils","S8021",55.5824,11.5477,"Denmark"
"12381",20377,4995,40,"AAR-6786","plant macrofossils","S8021",55.5824,11.5477,"Denmark"
"12380",20378,8060,65,"AAR-6788","bone","S8021",55.5824,11.5477,"Denmark"
"12383",20379,5160,110,"AAR-1848","food residue","S8022",55.5824,11.5477,"Denmark"
"12384",20380,4090,100,"K-2115","bone","S8023",55.6339,11.982,"Denmark"
"12385",20381,6180,95,"K-4185","bone","S8024",55.3426,11.1778,"Denmark"
"12386",20382,6760,75,"K-4262","bone","S8024",55.3426,11.1778,"Denmark"
"12389",20386,4050,60,"K-4705","charcoal","S8027",56.7007,9.74045,"Denmark"
"12391",20388,4740,75,"K-5536","bone","S8029",57.0922,9.01606,"Denmark"
"12401",20398,4595,55,"AAR-4321","bone","S8038",56.1425,10.1854,"Denmark"
"12404",20399,4440,40,"KIA-4338","plant macrofossils","S8039",55.3234,8.9295,"Denmark"
"12403",20400,4460,40,"KIA-4339","plant macrofossils","S8039",55.3234,8.9295,"Denmark"
"12402",20401,4510,40,"KIA-4340","charcoal","S8039",55.3234,8.9295,"Denmark"
"12406",20406,5160,70,"K-5303","plant macrofossils","S8042",56.8798,9.21762,"Denmark"
"7808",20410,4210,100,"K-2271","charcoal","S4410",54.6871,11.3265,"Denmark"
"7807",20411,4260,100,"K-2269","charcoal","S4410",54.6871,11.3265,"Denmark"
"7806",20412,4300,100,"K-2272","charcoal","S4410",54.6871,11.3265,"Denmark"
"7809",20413,4390,100,"K-2270","charcoal","S4410",54.6871,11.3265,"Denmark"
"12409",20415,3970,90,"K-2711","charcoal","S8046",56.1049,8.93639,"Denmark"
"12410",20416,4000,90,"K-2710","charcoal","S8046",56.1049,8.93639,"Denmark"
"4040",20417,2210,60,"OxA-2894","charcoal","S2809",55.0453,14.8937,"Denmark"
"4043",20418,3520,65,"AAR-2399","food residue","S2809",55.0453,14.8937,"Denmark"
"4037",20419,4080,80,"AAR-2403","charcoal","S2809",55.0453,14.8937,"Denmark"
"4041",20420,4120,75,"AAR-2404","charcoal","S2809",55.0453,14.8937,"Denmark"
"4038",20421,4180,70,"OxA-2889","charcoal","S2809",55.0453,14.8937,"Denmark"
"4042",20422,4200,70,"OxA-2890","charcoal","S2809",55.0453,14.8937,"Denmark"
"4044",20423,4210,70,"OxA-2891","charcoal","S2809",55.0453,14.8937,"Denmark"
"12411",20425,3270,80,"K-5729","plant macrofossils","S8047",55.5549,10.1177,"Denmark"
"12412",20426,5010,100,"K-1659","charcoal","S8047",55.5549,10.1177,"Denmark"
"12413",20429,4130,60,"AAR-7030","charcoal","S8048",56.2166,10.1455,"Denmark"
"12416",20431,5030,90,"AAR-1850","food residue","S8050",55.5764,11.4204,"Denmark"
"12417",20433,4510,100,"K-1771","charcoal","S8051",56.4474,9.10874,"Denmark"
"12424",20437,3530,85,"K-3536","charcoal","S8054",56.8441,8.26378,"Denmark"
"12425",20438,3620,95,"K-3274","charcoal","S8054",56.8441,8.26378,"Denmark"
"12426",20439,3690,80,"K-3273","charcoal","S8054",56.8441,8.26378,"Denmark"
"12423",20440,3720,85,"K-3537","charcoal","S8054",56.8441,8.26378,"Denmark"
"12427",20441,5120,55,"AAR-4031","bone","S8055",55.75,12.02,"Denmark"
"12429",20442,4245,40,"AAR-5472","NULL","S8056",56.102,12.2292,"Denmark"
"12430",20443,3730,60,"K-5039","charcoal","S8057",55.8024,9.69539,"Denmark"
"12433",20445,4735,65,"AAR-4322","bone","S8059",55.792,12.1558,"Denmark"
"12432",20446,4710,100,"K-2356","NULL","S8059",55.792,12.1558,"Denmark"
"12435",20447,4140,85,"K-2933","NULL","S8060",55.9905,8.88545,"Denmark"
"12436",20448,4160,85,"K-2934","NULL","S8060",55.9905,8.88545,"Denmark"
"12437",20449,4180,85,"K-2932","NULL","S8060",55.9905,8.88545,"Denmark"
"12434",20450,4240,85,"K-2931","NULL","S8060",55.9905,8.88545,"Denmark"
"12438",20451,4200,85,"K-2930","charcoal","S8061",55.9953,8.8931,"Denmark"
"12443",20452,4160,80,"K-3002","charcoal","S8062",55.9953,8.8931,"Denmark"
"12444",20453,4160,90,"K-2998","charcoal","S8062",55.9953,8.8931,"Denmark"
"12439",20454,4180,85,"K-3003","charcoal","S8062",55.9953,8.8931,"Denmark"
"12441",20455,4180,90,"K-3000","charcoal","S8062",55.9953,8.8931,"Denmark"
"12440",20456,4220,90,"K-3001","charcoal","S8062",55.9953,8.8931,"Denmark"
"12442",20457,4230,90,"K-2999","charcoal","S8062",55.9953,8.8931,"Denmark"
"12449",20463,4440,50,"Ka-6975","wood","S8065",55.3422,12.2703,"Denmark"
"12450",20464,4700,65,"K-3779","food residue","S8066",55.5793,11.5794,"Denmark"
"12451",20465,4620,60,"K-4980","bone","S8067",55.8481,12.5488,"Denmark"
"12452",20466,4860,90,"K-5763","charcoal","S8068",55.3517,11.1226,"Denmark"
"12453",20467,4120,60,"AAR-2601","bone","S8069",54.7766,11.5002,"Denmark"
"12454",20468,4500,85,"K-5107","charcoal","S8070",55.8525,12.5672,"Denmark"
"12455",20469,4640,60,"K-6683","NULL","S8071",55.1297,11.9336,"Denmark"
"12456",20470,4710,50,"K-6684","charcoal","S8071",55.1297,11.9336,"Denmark"
"12458",20473,6505,55,"AAR-5741","wood","S8073",55.59,10.6139,"Denmark"
"12459",20474,5830,110,"K-1776","bone","S8074",55.9998,11.9832,"Denmark"
"12461",20475,4135,45,"AAR-4992","charcoal","S8075",56.8268,9.01909,"Denmark"
"12460",20476,4215,45,"AAR-4991","charcoal","S8075",56.8268,9.01909,"Denmark"
"12462",20479,4210,120,"K-1189","wood","S8076",56.06,8.85,"Denmark"
"12466",20483,3660,80,"K-4047","charcoal","S8080",56.8527,8.26957,"Denmark"
"12467",20484,3830,85,"K-4766","charcoal","S8081",56.8527,8.26957,"Denmark"
"12469",20485,3860,85,"K-4767","charcoal","S8081",56.8527,8.26957,"Denmark"
"12468",20486,4060,85,"K-4768","charcoal","S8081",56.8527,8.26957,"Denmark"
"12470",20487,4890,90,"K-3464","charcoal","S8082",57.0321,10.2573,"Denmark"
"12471",20488,5080,90,"K-3463","charcoal","S8082",57.0321,10.2573,"Denmark"
"12477",20491,4600,170,"K-124","NULL","S8084",56.144,8.46961,"Denmark"
"12486",20492,4610,150,"K-131","charcoal","S8084",56.144,8.46961,"Denmark"
"12474",20493,4660,150,"K-132","charcoal","S8084",56.144,8.46961,"Denmark"
"12481",20494,4680,120,"K-123a","peat","S8084",56.144,8.46961,"Denmark"
"12488",20495,4770,150,"K-123b","peat","S8084",56.144,8.46961,"Denmark"
"12487",20496,4840,170,"K-125","NULL","S8084",56.144,8.46961,"Denmark"
"12485",20497,4850,120,"K-127","peat","S8084",56.144,8.46961,"Denmark"
"12479",20498,4880,170,"K-126","NULL","S8084",56.144,8.46961,"Denmark"
"12475",20499,4910,160,"K-128","plant macrofossils","S8084",56.144,8.46961,"Denmark"
"12473",20500,4940,160,"K-129","plant macrofossils","S8084",56.144,8.46961,"Denmark"
"12476",20501,5010,50,"AAR-4994","bone","S8084",56.144,8.46961,"Denmark"
"12480",20502,5050,45,"AAR-4993","bone","S8084",56.144,8.46961,"Denmark"
"12489",20503,8410,90,"K-4151","bone","S8085",55.4979,11.2292,"Denmark"
"12494",20504,3800,80,"K-4268","charcoal","S8086",56.7998,9.21105,"Denmark"
"12495",20505,3810,80,"K-4265","charcoal","S8086",56.7998,9.21105,"Denmark"
"12496",20506,3810,80,"K-4266","charcoal","S8086",56.7998,9.21105,"Denmark"
"12493",20507,3820,80,"K-4264","charcoal","S8086",56.7998,9.21105,"Denmark"
"12491",20508,3860,100,"K-2067","charcoal","S8086",56.7998,9.21105,"Denmark"
"12490",20509,3880,85,"K-4334","charcoal","S8086",56.7998,9.21105,"Denmark"
"12492",20510,3910,80,"K-4267","charcoal","S8086",56.7998,9.21105,"Denmark"
"12532",20514,5010,65,"K-4628","NULL","S8089",55.5843,11.5548,"Denmark"
"12533",20515,5010,70,"K-4630","wood","S8089",55.5843,11.5548,"Denmark"
"12542",20516,3980,65,"K-6474","wood","S8090",55.7822,11.2892,"Denmark"
"12537",20517,4310,90,"K-5643","wood","S8090",55.7822,11.2892,"Denmark"
"12534",20518,4320,115,"K-6115","wood","S8090",55.7822,11.2892,"Denmark"
"12538",20519,4370,115,"K-6116","wood","S8090",55.7822,11.2892,"Denmark"
"12541",20520,4440,80,"K-6117","wood","S8090",55.7822,11.2892,"Denmark"
"12540",20521,4620,75,"K-6473","wood","S8090",55.7822,11.2892,"Denmark"
"12535",20522,4700,80,"K-6113","wood","S8090",55.7822,11.2892,"Denmark"
"12539",20523,4750,95,"K-6112","wood","S8090",55.7822,11.2892,"Denmark"
"12536",20524,4770,85,"K-6114","wood","S8090",55.7822,11.2892,"Denmark"
"12546",20526,3620,90,"K-6101","bone","S8091",55.7455,11.872,"Denmark"
"12544",20527,3620,105,"K-6100","bone","S8091",55.7455,11.872,"Denmark"
"12543",20528,3750,110,"K-6102","bone","S8091",55.7455,11.872,"Denmark"
"12547",20529,3800,115,"K-6103","bone","S8091",55.7455,11.872,"Denmark"
"12545",20530,6020,45,"AAR-6658","charcoal","S8091",55.7455,11.872,"Denmark"
"12551",20531,4680,80,"K-7117","charcoal","S8092",55.9309,12.5105,"Denmark"
"12549",20532,6000,50,"K-7116","charcoal","S8092",55.9309,12.5105,"Denmark"
"12548",20533,6900,60,"AAR-7058","bone","S8092",55.9309,12.5105,"Denmark"
"8229",20535,1400,55,"K-7044","wood","S4901",56.0274,10.2571,"Denmark"
"8231",20549,5010,45,"AAR-5365","charcoal","S4901",56.0274,10.2571,"Denmark"
"8230",20550,5075,45,"AAR-5364","charcoal","S4901",56.0274,10.2571,"Denmark"
"8228",20554,5790,95,"K-5199","bone","S4901",56.0274,10.2571,"Denmark"
"12554",20556,3870,100,"K-585","plant macrofossils","S8095",55.1948,14.9869,"Denmark"
"12565",20565,4150,60,"K-5591","wood","S8100",55.3527,11.1239,"Denmark"
"12562",20566,4160,70,"K-5591B","wood","S8100",55.3527,11.1239,"Denmark"
"12563",20567,4160,70,"K-6439","wood","S8100",55.3527,11.1239,"Denmark"
"12568",20568,4200,65,"K-6438","wood","S8100",55.3527,11.1239,"Denmark"
"12567",20569,4320,65,"K-6437","wood","S8100",55.3527,11.1239,"Denmark"
"12561",20570,4470,90,"K-5590","wood","S8100",55.3527,11.1239,"Denmark"
"12564",20571,4520,90,"K-5592","wood","S8100",55.3527,11.1239,"Denmark"
"12566",20572,4570,90,"K-5593","wood","S8100",55.3527,11.1239,"Denmark"
"12559",20573,4600,90,"K-5594","wood","S8100",55.3527,11.1239,"Denmark"
"12560",20574,4610,70,"K-6436","wood","S8100",55.3527,11.1239,"Denmark"
"12569",20575,3590,80,"K-5948","charcoal","S8101",56.8258,8.25125,"Denmark"
"12570",20576,3860,85,"K-5949","charcoal","S8101",56.8258,8.25125,"Denmark"
"12572",20577,4310,85,"K-5724","wood","S8102",54.819,11.6075,"Denmark"
"12571",20578,4440,90,"K-5725","wood","S8102",54.819,11.6075,"Denmark"
"12573",20579,4870,70,"Ka-6445","food residue","S8103",55.61,11.5,"Denmark"
"12574",20580,4470,105,"K-5322","bone","S8104",56.8398,8.26202,"Denmark"
"12577",20583,4190,90,"K-2966","charcoal","S8106",55.9938,8.87781,"Denmark"
"12576",20584,4210,65,"K-2965","charcoal","S8106",55.9938,8.87781,"Denmark"
"12588",20587,4750,100,"K-1962","wood","S8108",55.5909,11.5621,"Denmark"
"12586",20588,4760,100,"K-1963","wood","S8108",55.5909,11.5621,"Denmark"
"12590",20589,4790,100,"K-2058","charcoal","S8108",55.5909,11.5621,"Denmark"
"12582",20590,4830,100,"K-2056","wood","S8108",55.5909,11.5621,"Denmark"
"12589",20591,4890,110,"K-1651","peat","S8108",55.5909,11.5621,"Denmark"
"12584",20592,4890,110,"K-1656","NULL","S8108",55.5909,11.5621,"Denmark"
"12587",20593,4950,100,"K-2057","charcoal","S8108",55.5909,11.5621,"Denmark"
"12581",20594,4960,110,"K-1650","wood","S8108",55.5909,11.5621,"Denmark"
"12585",20595,4980,110,"K-1961","wood","S8108",55.5909,11.5621,"Denmark"
"12583",20596,5010,100,"K-1473","wood","S8108",55.5909,11.5621,"Denmark"
"12579",20597,4420,110,"K-1649","wood","S8108",55.5909,11.5621,"Denmark"
"12580",20598,5260,65,"K-3773","bone","S8108",55.5909,11.5621,"Denmark"
"12591",20599,4920,95,"K-6297","bone","S8109",56.0987,12.2927,"Denmark"
"12593",20601,4140,50,"AAR-7028","charcoal","S8110",56.2414,10.0254,"Denmark"
"12592",20602,4175,50,"AAR-7029","charcoal","S8110",56.2414,10.0254,"Denmark"
"12595",20603,3125,35,"AAR-6660.b","plant macrofossils","S8111",56.3794,9.08881,"Denmark"
"12598",20604,3145,30,"AAR-6660.a","plant macrofossils","S8111",56.3794,9.08881,"Denmark"
"12596",20605,3305,35,"AAR-6659.b","plant macrofossils","S8111",56.3794,9.08881,"Denmark"
"12599",20606,3330,30,"AAR-6663.a","charcoal","S8111",56.3794,9.08881,"Denmark"
"12594",20607,3355,35,"AAR-6663.b","charcoal","S8111",56.3794,9.08881,"Denmark"
"12597",20608,3375,35,"AAR-6661.b","plant macrofossils","S8111",56.3794,9.08881,"Denmark"
"12604",20609,3440,35,"AAR-6661.a","plant macrofossils","S8111",56.3794,9.08881,"Denmark"
"12602",20610,3480,30,"AAR-6659.a","plant macrofossils","S8111",56.3794,9.08881,"Denmark"
"12603",20611,3485,40,"AAR-6664","plant macrofossils","S8111",56.3794,9.08881,"Denmark"
"12601",20612,3490,35,"AAR-6662.b","plant macrofossils","S8111",56.3794,9.08881,"Denmark"
"12600",20613,3495,35,"AAR-6662.a","bone","S8111",56.3794,9.08881,"Denmark"
"12617",20614,4800,65,"K-4372","charcoal","S8112",56.009,9.96638,"Denmark"
"12607",20615,5080,70,"K-4371","charcoal","S8112",56.009,9.96638,"Denmark"
"12614",20616,5120,70,"K-4370","charcoal","S8112",56.009,9.96638,"Denmark"
"12616",20617,5180,100,"K-6108","charcoal","S8112",56.009,9.96638,"Denmark"
"12615",20618,5200,70,"K-4369","charcoal","S8112",56.009,9.96638,"Denmark"
"12613",20619,5230,70,"K-4132","bone","S8112",56.009,9.96638,"Denmark"
"12612",20620,5320,100,"K-1654","charcoal","S8112",56.009,9.96638,"Denmark"
"12609",20621,5410,95,"K-4368","charcoal","S8112",56.009,9.96638,"Denmark"
"12606",20622,5420,210,"K-4133","bone","S8112",56.009,9.96638,"Denmark"
"12608",20623,5490,100,"K-1653","charcoal","S8112",56.009,9.96638,"Denmark"
"12610",20624,5500,110,"K-1765","charcoal","S8112",56.009,9.96638,"Denmark"
"12611",20625,5610,110,"K-1652","charcoal","S8112",56.009,9.96638,"Denmark"
"12605",20626,5820,95,"K-4367","charcoal","S8112",56.009,9.96638,"Denmark"
"12619",20628,6680,140,"AAR-832","bone","S8114",56.5369,8.94139,"Denmark"
"12622",20631,4740,34,"K-7126","charcoal","S8117",55.8845,9.77612,"Denmark"
"12624",20633,4640,55,"AAR-6608","food residue","S8118",55.4399,9.82642,"Denmark"
"12623",20634,5630,55,"AAR-6607","food residue","S8118",55.4399,9.82642,"Denmark"
"12631",20639,4910,100,"K-2253","charcoal","S8123",56.1105,9.50416,"Denmark"
"12632",20640,4920,100,"K-2255","charcoal","S8123",56.1105,9.50416,"Denmark"
"12633",20641,4960,100,"K-2254a","NULL","S8123",56.1105,9.50416,"Denmark"
"12630",20642,4970,100,"K-2254","charcoal","S8123",56.1105,9.50416,"Denmark"
"12629",20643,4980,100,"K-2254b","charcoal","S8123",56.1105,9.50416,"Denmark"
"12634",20644,4540,45,"Ka-7000","wood","S8124",55.5133,11.1692,"Denmark"
"12637",20646,4450,30,"AAR-5362","NULL","S8125",55.9161,12.3009,"Denmark"
"12635",20647,4490,85,"K-4981","bone","S8125",55.9161,12.3009,"Denmark"
"12636",20648,4610,85,"K-4982","bone","S8125",55.9161,12.3009,"Denmark"
"12638",20650,4480,55,"K-7043","wood","S8126",55.65,12.0821,"Denmark"
"7837",20651,4340,90,"K-2766","bone","S4458",55.209,10.087,"Denmark"
"7836",20652,4400,90,"K-2910","plant macrofossils","S4458",55.209,10.087,"Denmark"
"7840",20653,4400,65,"K-2911","plant macrofossils","S4458",55.209,10.087,"Denmark"
"7842",20654,4480,90,"K-2767","plant macrofossils","S4458",55.209,10.087,"Denmark"
"7843",20655,4530,70,"K-2628","plant macrofossils","S4458",55.209,10.087,"Denmark"
"7839",20656,4600,90,"K-2630","wood","S4458",55.209,10.087,"Denmark"
"7838",20657,4620,90,"K-2631","wood","S4458",55.209,10.087,"Denmark"
"7844",20658,4690,90,"K-2629","wood","S4458",55.209,10.087,"Denmark"
"7841",20659,4760,90,"K-2632","wood","S4458",55.209,10.087,"Denmark"
"12640",20660,3850,90,"AAR-1128","bone","S8127",55.2098,10.083,"Denmark"
"12639",20661,4000,90,"AAR-1127","bone","S8127",55.2098,10.083,"Denmark"
"12642",20663,4130,90,"K-2847","NULL","S8129",56.4,9.1,"Denmark"
"12643",20664,5280,50,"K-3622","bone","S8130",55.8899,11.146,"Denmark"
"12644",20665,4050,100,"K-2298","charcoal","S8131",56.457,8.86994,"Denmark"
"7863",20666,3270,45,"K-7114","charcoal","S4556",55.42,11.72,"Denmark"
"7865",20667,3440,35,"AAR-5334","charcoal","S4556",55.42,11.72,"Denmark"
"7864",20668,4490,45,"K-7113","plant macrofossils","S4556",55.42,11.72,"Denmark"
"12646",20671,4140,100,"K-2116","charcoal","S8134",56.1734,9.68544,"Denmark"
"12649",20672,4040,85,"K-3248","charcoal","S8135",56.4191,9.07575,"Denmark"
"12647",20673,4050,80,"K-3246","charcoal","S8135",56.4191,9.07575,"Denmark"
"12648",20674,4060,85,"K-3249","charcoal","S8135",56.4191,9.07575,"Denmark"
"12650",20675,4110,85,"K-3247","charcoal","S8135",56.4191,9.07575,"Denmark"
"12651",20676,4240,85,"K-3250","charcoal","S8135",56.4191,9.07575,"Denmark"
"12653",20678,4040,100,"K-2442","charcoal","S8137",55.9832,8.86859,"Denmark"
"12655",20679,4050,100,"K-2443","charcoal","S8137",55.9832,8.86859,"Denmark"
"12654",20680,4130,100,"K-2441","charcoal","S8137",55.9832,8.86859,"Denmark"
"12656",20681,3980,90,"K-2807","charcoal","S8138",55.9832,8.86859,"Denmark"
"12657",20682,4070,90,"K-2806","charcoal","S8138",55.9832,8.86859,"Denmark"
"12659",20683,3980,100,"K-2181","charcoal","S8139",55.9832,8.86859,"Denmark"
"12658",20684,4110,100,"K-2180","charcoal","S8139",55.9832,8.86859,"Denmark"
"12661",20685,3960,100,"K-2182","charcoal","S8140",55.9832,8.86859,"Denmark"
"12660",20686,4000,100,"K-2183","charcoal","S8140",55.9832,8.86859,"Denmark"
"12677",20694,4030,100,"K-1725","charcoal","S8146",55.9504,11.8993,"Denmark"
"12679",20695,4650,100,"K-1724","charcoal","S8146",55.9504,11.8993,"Denmark"
"12678",20696,5520,110,"K-1723","charcoal","S8146",55.9504,11.8993,"Denmark"
"12686",20699,4630,90,"K-6028","wood","S8149",55.6846,11.2358,"Denmark"
"12684",20700,5059,68,"AAR-3316","bone","S8149",55.6846,11.2358,"Denmark"
"12688",20701,5060,61,"AAR-3317","bone","S8149",55.6846,11.2358,"Denmark"
"12683",20702,5319,65,"AAR-3318","bone","S8149",55.6846,11.2358,"Denmark"
"12687",20703,6140,60,"AAR-3782","wood","S8149",55.6846,11.2358,"Denmark"
"12682",20704,6189,49,"AA-43837","wood","S8149",55.6846,11.2358,"Denmark"
"12685",20705,6495,60,"AAR-3783","wood","S8149",55.6846,11.2358,"Denmark"
"12691",20707,3065,50,"AAR-6564","charcoal","S8151",56.8688,8.45148,"Denmark"
"12690",20708,3520,45,"AAR-6553","charcoal","S8151",56.8688,8.45148,"Denmark"
"12692",20709,4020,85,"K-3245","charcoal","S8152",55.0347,9.28893,"Denmark"
"12693",20710,3980,85,"K-3472","charcoal","S8153",57.014,9.9819,"Denmark"
"12694",20711,4590,40,"AAR-5473","NULL","S8154",56.6529,9.66608,"Denmark"
"12695",20712,4600,90,"K-2778","bone","S8155",55.5711,12.1318,"Denmark"
"12702",20715,4640,100,"AAR-5114","food residue","S8157",55.5939,11.559,"Denmark"
"12699",20716,5050,65,"K-5042","bone","S8157",55.5939,11.559,"Denmark"
"12697",20717,5095,45,"AAR-4819","food residue","S8157",55.5939,11.559,"Denmark"
"12698",20718,5110,65,"K-5041","bone","S8157",55.5939,11.559,"Denmark"
"12701",20719,5130,65,"K-5043","bone","S8157",55.5939,11.559,"Denmark"
"12703",20720,5140,65,"K-5044","bone","S8157",55.5939,11.559,"Denmark"
"12700",20721,5180,40,"AAR-4818","food residue","S8157",55.5939,11.559,"Denmark"
"12705",20722,4240,60,"K-4074","wood","S8158",54.9377,10.8262,"Denmark"
"12706",20723,4260,115,"K-6197","plant macrofossils","S8158",54.9377,10.8262,"Denmark"
"12704",20724,4370,70,"K-4073","wood","S8158",54.9377,10.8262,"Denmark"
"12707",20725,4940,80,"Ka-6448","food residue","S8159",55.3548,11.4112,"Denmark"
"12709",20728,4240,90,"K-5495","charcoal","S8161",55.2157,14.8827,"Denmark"
"12710",20729,4380,90,"K-5496","charcoal","S8161",55.2157,14.8827,"Denmark"
"12711",20730,3460,100,"K-2297","charcoal","S8162",56.4147,8.83509,"Denmark"
"12712",20731,3730,100,"K-2296","charcoal","S8162",56.4147,8.83509,"Denmark"
"12714",20733,4310,100,"K-1789","charcoal","S8164",56.0833,8.25,"Denmark"
"12715",20735,3650,80,"K-3533","charcoal","S8165",56.837,8.25868,"Denmark"
"12716",20736,3680,85,"K-3534","charcoal","S8165",56.837,8.25868,"Denmark"
"12721",20744,4560,85,"K-4978","bone","S8170",55.5937,11.543,"Denmark"
"12723",20745,4420,50,"AAR-7062","bone","S8171",55.5937,11.543,"Denmark"
"12722",20746,4500,45,"AAR-7061","bone","S8171",55.5937,11.543,"Denmark"
"12724",20747,4860,110,"AAR-1840","food residue","S8172",55.5939,11.559,"Denmark"
"12727",20751,4510,90,"K-5742","bone","S8175",55.5867,11.6065,"Denmark"
"12728",20752,4530,90,"K-5741","bone","S8175",55.5867,11.6065,"Denmark"
"12729",20753,4450,90,"K-6058","charcoal","S8176",55.5867,11.6065,"Denmark"
"12733",20760,3980,65,"K-2672","charcoal","S8180",56.5032,9.05742,"Denmark"
"12734",20761,3660,80,"K-4075","charcoal","S8181",56.5032,9.05742,"Denmark"
"12736",20765,4960,65,"K-3775","food residue","S8183",55.6167,11.5939,"Denmark"
"12740",20767,4100,85,"K-4027","wood","S8184",56.0483,12.1087,"Denmark"
"12739",20768,4170,85,"K-4591","wood","S8184",56.0483,12.1087,"Denmark"
"12737",20769,4250,85,"K-4026","wood","S8184",56.0483,12.1087,"Denmark"
"12738",20770,4260,85,"K-4590","wood","S8184",56.0483,12.1087,"Denmark"
"12741",20771,4370,110,"AAR-1852","food residue","S8185",55.5909,11.5762,"Denmark"
"12746",20774,4960,65,"K-2775","food residue","S8188",55.5902,11.5022,"Denmark"
"12747",20776,3770,80,"K-4713","charcoal","S8189",56.7943,9.5186,"Denmark"
"12748",20777,3820,60,"K-4712","charcoal","S8189",56.7943,9.5186,"Denmark"
"12750",20779,4500,85,"K-2985","charcoal","S8190",55.8948,9.99002,"Denmark"
"12749",20785,4680,90,"K-2987","charcoal","S8190",55.8948,9.99002,"Denmark"
"12751",20787,4690,90,"K-2986","charcoal","S8190",55.8948,9.99002,"Denmark"
"12752",20788,4730,90,"K-2988","charcoal","S8190",55.8948,9.99002,"Denmark"
"12755",20791,4590,75,"K-6673","charcoal","S8193",57.3373,10.308,"Denmark"
"12756",20792,4710,70,"K-6671","charcoal","S8193",57.3373,10.308,"Denmark"
"12757",20793,4720,70,"K-6672","charcoal","S8193",57.3373,10.308,"Denmark"
"12760",20797,4870,45,"AAR-6881","bone","S8195",55.6254,11.3336,"Denmark"
"12764",20800,4390,120,"K-718","charcoal","S8196",56.4905,10.5127,"Denmark"
"12761",20801,4440,120,"K-727","charcoal","S8196",56.4905,10.5127,"Denmark"
"12762",20802,4680,110,"K-1763","charcoal","S8196",56.4905,10.5127,"Denmark"
"12763",20803,4700,110,"K-1762","charcoal","S8196",56.4905,10.5127,"Denmark"
"12766",20805,5090,140,"K-6177","wood","S8197",55.3884,9.81887,"Denmark"
"12765",20806,6740,80,"K-3558","bone","S8197",55.3884,9.81887,"Denmark"
"12768",20808,4475,45,"Ka-6978","wood","S8199",55.6295,11.1779,"Denmark"
"12769",20809,4630,85,"K-4979","bone","S8200",55.5898,11.5289,"Denmark"
"12771",20811,4580,90,"K-6306","bone","S8201",54.9535,9.21664,"Denmark"
"12772",20812,5386,42,"AAR-4773","bone","S8202",55.6045,11.5883,"Denmark"
"12773",20813,4760,95,"K-6300","bone","S8203",55.6045,11.5883,"Denmark"
"6761",20820,3995,65,"AAR-2437.1","plant macrofossils","S4118",55.05,14.88,"Denmark"
"6763",20821,4170,70,"AAR-2437.2","plant macrofossils","S4118",55.05,14.88,"Denmark"
"6765",20822,4245,60,"AAR-2438.1","plant macrofossils","S4118",55.05,14.88,"Denmark"
"6762",20823,5250,90,"AAR-2438.2","plant macrofossils","S4118",55.05,14.88,"Denmark"
"12778",20826,5140,100,"K-6303","bone","S8209",55.749,12.261,"Denmark"
"12779",20827,4150,100,"K-2118","charcoal","S8210",55.4702,8.51881,"Denmark"
"12781",20830,4570,150,"Ka-6452","food residue","S8212",55.5614,11.5098,"Denmark"
"12784",20831,3135,55,"AAR-6115","charcoal","S8213",56.5386,8.79963,"Denmark"
"12782",20832,3660,50,"AAR-6113","charcoal","S8213",56.5386,8.79963,"Denmark"
"12783",20833,3975,55,"AAR-6114","charcoal","S8213",56.5386,8.79963,"Denmark"
"12785",20834,4150,100,"K-1582","charcoal","S8214",55.5663,9.40592,"Denmark"
"7878",20835,4100,100,"K-1932","bone","S4564",56.7422,9.42611,"Denmark"
"7880",20836,4160,100,"K-1983","bone","S4564",56.7422,9.42611,"Denmark"
"7882",20837,4290,100,"K-1930","bone","S4564",56.7422,9.42611,"Denmark"
"7881",20838,4350,100,"K-1931","bone","S4564",56.7422,9.42611,"Denmark"
"7879",20839,4450,100,"K-1982","charcoal","S4564",56.7422,9.42611,"Denmark"
"12788",20841,4390,100,"K-2128","NULL","S8216",55.623,12.1387,"Denmark"
"12787",20842,4460,100,"K-2127","NULL","S8216",55.623,12.1387,"Denmark"
"12794",20843,4650,55,"AAR-5006","bone","S8217",56.7368,10.1489,"Denmark"
"12790",20845,4925,55,"AAR-5005","bone","S8217",56.7368,10.1489,"Denmark"
"12789",20846,4945,45,"AAR-5386","charcoal","S8217",56.7368,10.1489,"Denmark"
"12791",20848,4955,60,"AAR-5004","bone","S8217",56.7368,10.1489,"Denmark"
"6740",20854,5500,70,"K-3920","bone","S4099",56.0358,9.65489,"Denmark"
"6739",20855,5540,65,"K-3921","bone","S4099",56.0358,9.65489,"Denmark"
"12796",20856,3920,85,"K-4023","charcoal","S8219",56.9555,9.77631,"Denmark"
"12797",20857,3760,60,"K-2751","charcoal","S8220",55.6299,9.08239,"Denmark"
"12802",20862,4040,100,"K-1569","charcoal","S8224",56.4193,9.03985,"Denmark"
"12800",20863,4110,100,"K-2427","charcoal","S8224",56.4193,9.03985,"Denmark"
"12804",20864,4180,100,"K-2425","charcoal","S8224",56.4193,9.03985,"Denmark"
"12801",20865,4210,100,"K-1574","charcoal","S8224",56.4193,9.03985,"Denmark"
"12809",20866,4220,100,"K-2426","charcoal","S8224",56.4193,9.03985,"Denmark"
"12812",20867,4230,100,"K-1572","charcoal","S8224",56.4193,9.03985,"Denmark"
"12811",20868,4270,100,"K-1573","charcoal","S8224",56.4193,9.03985,"Denmark"
"12806",20869,4300,100,"K-1571","charcoal","S8224",56.4193,9.03985,"Denmark"
"12807",20870,4430,100,"K-1567","charcoal","S8224",56.4193,9.03985,"Denmark"
"12805",20871,4560,100,"K-1568","charcoal","S8224",56.4193,9.03985,"Denmark"
"12810",20872,4570,100,"K-1566","charcoal","S8224",56.4193,9.03985,"Denmark"
"12813",20873,4660,100,"K-2424","charcoal","S8224",56.4193,9.03985,"Denmark"
"12803",20874,4740,100,"K-2428","charcoal","S8224",56.4193,9.03985,"Denmark"
"12808",20875,4980,100,"K-1570","charcoal","S8224",56.4193,9.03985,"Denmark"
"12815",20878,4010,85,"K-3628","charcoal","S8226",56.85,9.45,"Denmark"
"12816",20879,4030,85,"K-3627","charcoal","S8226",56.85,9.45,"Denmark"
"12146",20881,5090,65,"AAR-7418-2","bone","S7894",55.7719,11.3902,"Denmark"
"12145",20882,5983,38,"AAR-7417","bone","S7894",55.7719,11.3902,"Denmark"
"12817",20883,4590,120,"K-1165","wood","S8227",55.5937,11.543,"Denmark"
"12197",20889,4530,50,"K-3675","charcoal","S7929",55.5937,11.543,"Denmark"
"12200",20890,4590,60,"K-2846","peat","S7929",55.5937,11.543,"Denmark"
"12202",20895,4560,60,"K-2845","wood","S7929",55.5937,11.543,"Denmark"
"12198",20896,4570,60,"K-3746","bone","S7929",55.5937,11.543,"Denmark"
"12819",20900,3290,55,"AAR-6563","charcoal","S8231",56.9721,8.54367,"Denmark"
"12820",20902,3910,85,"K-4022","charcoal","S8232",55.0287,9.81034,"Denmark"
"12822",20904,6750,60,"AAR-6070","bone","S8234",55.792,11.6671,"Denmark"
"12823",20905,7145,60,"AAR-6069","bone","S8235",55.5719,11.4578,"Denmark"
"12550",20907,6350,55,"K-7118","charcoal","S8092",55.9309,12.5105,"Denmark"
"12824",20908,5720,65,"AAR-6067","NULL","S8236",55.1239,12.1259,"Denmark"
"12827",20914,4000,100,"K-1925","charcoal","S8239",56.5838,9.44336,"Denmark"
"12770",20915,4860,135,"K-3778","food residue","S8200",55.5898,11.5289,"Denmark"
"12828",20916,4820,38,"AAR-7196","bone","S8240",55.5898,11.5289,"Denmark"
"12830",20917,4250,85,"K-5362a","charcoal","S8241",57.5613,10.2626,"Denmark"
"12829",20918,4270,85,"K-5362","charcoal","S8241",57.5613,10.2626,"Denmark"
"12834",22214,6870,50,"AAR-4093","animal bone","S8353",54.9184,11.6885,"Denmark"
"12833",22215,7080,75,"K-4354","human bone","S8353",54.9184,11.6885,"Denmark"
"12848",22229,6263,36,"AAR-10246","human bone","S8394",55.3402,11.1848,"Denmark"
"12850",22232,6280,35,"AAR-8551","human bone","S8410",55.99,11.9592,"Denmark"
"12856",22244,6820,55,"AAR-9341","human bone","S8443",55.3953,9.83,"Denmark"
"12855",22245,6905,55,"AAR-9342","human bone","S8443",55.3953,9.83,"Denmark"
"13563",22272,4575,35,"Poz-22588","bone","S9047",56.8796,9.21684,"Denmark"
"13562",22273,5010,35,"Poz-22589","NULL","S9047",56.8796,9.21684,"Denmark"
"13331",22280,5265,60,"AAR-2654","animal bone","S8909",55.59,10.33,"Denmark"
"13337",22281,5270,80,"AAR-5961","animal bone","S8909",55.59,10.33,"Denmark"
"13335",22282,5300,55,"AAR-5970","animal bone","S8909",55.59,10.33,"Denmark"
"13338",22283,5310,65,"AAR-5968","animal bone","S8909",55.59,10.33,"Denmark"
"13327",22284,5340,75,"AAR-2656","animal bone","S8909",55.59,10.33,"Denmark"
"13328",22285,5350,60,"AAR-2655","animal bone","S8909",55.59,10.33,"Denmark"
"13330",22286,5375,50,"AAR-5969","animal bone","S8909",55.59,10.33,"Denmark"
"13324",22287,5430,70,"AAR-2653","animal bone","S8909",55.59,10.33,"Denmark"
"13326",22288,5555,45,"AAR-5960","animal bone","S8909",55.59,10.33,"Denmark"
"13329",22289,5565,50,"AAR-5963","animal bone","S8909",55.59,10.33,"Denmark"
"13325",22290,5620,65,"AAR-5962","animal bone","S8909",55.59,10.33,"Denmark"
"13333",22291,5640,80,"AAR-2652","animal bone","S8909",55.59,10.33,"Denmark"
"13336",22292,5650,60,"AAR-5964","animal bone","S8909",55.59,10.33,"Denmark"
"13332",22293,5685,50,"AAR-5966","animal bone","S8909",55.59,10.33,"Denmark"
"13334",22294,6225,55,"AAR-5967","human bone","S8909",55.59,10.33,"Denmark"
"12201",22601,4510,90,"K-2279","NULL","S7929",55.5937,11.543,"Denmark"
"7582",22639,6130,75,"K-5621","charcoal","S4379",55.3447,11.1217,"Denmark"
"7581",22640,6370,75,"K-5622","charcoal","S4379",55.3447,11.1217,"Denmark"
"7580",22641,6430,100,"K-5344","charcoal","S4379",55.3447,11.1217,"Denmark"
"13286",22645,3560,85,"K-5787","charcoal","S8885",56.4946,10.746,"Denmark"
"13702",22667,4900,40,"POZ-28068","plant macrofossils","S9102",57.7278,10.5391,"Denmark"
"13721",22713,4823,35,"AAR-8515","food residue","S9109",56.2983,10.2283,"Denmark"
"12388",22722,4790,40,"Poz-26157","NULL","S8026",56.5751,9.05061,"Denmark"
"13755",22771,4975,55,"AAR-9225","plant macrofossils","S9128",56.2218,10.1645,"Denmark"
"13758",22772,5190,90,"AAR-8542","plant macrofossils","S9128",56.2218,10.1645,"Denmark"
"13757",22773,5075,50,"AAR-9227","plant macrofossils","S9128",56.2218,10.1645,"Denmark"
"13756",22774,5120,49,"AAR-8550","plant macrofossils","S9128",56.2218,10.1645,"Denmark"
"12428",22783,5890,55,"AAR-7410-2","NULL","S8055",55.75,12.02,"Denmark"
"13320",22818,5910,75,"K-5640","wood","S8905",54.8997,10.4175,"Denmark"
"13321",22819,6170,85,"K-6040","bone","S8905",54.8997,10.4175,"Denmark"
"13323",22820,6270,80,"K-6682","wood","S8905",54.8997,10.4175,"Denmark"
"13322",22821,6290,75,"K-6681","wood","S8905",54.8997,10.4175,"Denmark"
"12483",22846,4830,65,"K-4476","plant macrofossils","S8084",56.144,8.46961,"Denmark"
"12478",22847,4930,65,"K-4477","plant macrofossils","S8084",56.144,8.46961,"Denmark"
"12484",22848,4940,65,"K-4478","plant macrofossils","S8084",56.144,8.46961,"Denmark"
"12482",22849,4980,70,"K-2889","wood","S8084",56.144,8.46961,"Denmark"
"13866",23033,4770,85,"K-4770","NULL","S9154",56.0865,12.3716,"Denmark"
"13867",23034,4960,90,"K-4771","NULL","S9154",56.0865,12.3716,"Denmark"
"13291",23046,3815,55,"AAR-4517","plant macrofossils","S8891",56.5803,9.2359,"Denmark"
"13289",23047,3885,45,"AAR-4516","plant macrofossils","S8891",56.5803,9.2359,"Denmark"
"13290",23048,3890,50,"AAR-4518","plant macrofossils","S8891",56.5803,9.2359,"Denmark"
"13288",23049,3890,45,"AAR-4515","plant macrofossils","S8891",56.5803,9.2359,"Denmark"
"13883",23057,4890,90,"KIA-36139","plant macrofossils","S9162",55.9969,12.2864,"Denmark"
"13882",23058,4965,35,"KIA-36142","charcoal","S9162",55.9969,12.2864,"Denmark"
"12795",23074,4700,35,"Poz-22575","bone","S8217",56.7368,10.1489,"Denmark"
"12792",23075,4775,35,"Poz-22576","NULL","S8217",56.7368,10.1489,"Denmark"
"12793",23076,5020,60,"Poz-22578","bone","S8217",56.7368,10.1489,"Denmark"
